package,file,line,guide_rule,source
core,packages/core/src/harness/compaction/branch-summary.ts,16,named import alias,"import { Result, type Result as ResultValue } from ""../result.ts"";"
core,packages/core/src/kernel/compaction.ts,17,named import alias,"import { Result, type Result as ResultValue } from ""./result.ts"";"
core,packages/core/src/kernel/lease.ts,1,named import alias,"import { setTimeout as sleep } from ""node:timers/promises"";"
core,packages/core/src/kernel/sdk/nyte.ts,42,named import alias,"import { UnknownSession as StoreUnknownSession } from ""../store.ts"";"
core,packages/core/src/kernel/sdk/snapshot.ts,4,named import alias,"import type { Commit, Lease, Oid, Run, RunConfig as StoredRunConfig } from ""../model.ts"";"
core,packages/core/src/kernel/step.ts,1,named import alias,"import { setTimeout as sleep } from ""node:timers/promises"";"
core,packages/core/src/plugins/hooks.ts,27,named import alias,"import type {   Context as ModelContext,   JsonValue,   Message,   ProviderCheckpointMaterial,   Usage, } from ""@nyte-ai/schema"";"
core,packages/core/src/plugins/host.ts,11,named import alias,"import { Result, type Result as ResultValue } from ""../kernel/result.ts"";"
core,packages/core/src/plugins/host.ts,19,named import alias,"import {   ContributionRegistry,   MapDraft,   ToolMapDraft,   type ToolMapDraft as ToolDraftImpl, } from ""./registry.ts"";"
core,packages/core/src/tools/bash.ts,12,named import alias,"import { access as fsAccess } from ""node:fs/promises"";"
core,packages/core/src/tools/edit.ts,10,named import alias,"import { readFile as fsReadFile, stat as fsStat, writeFile as fsWriteFile } from ""node:fs/promises"";"
core,packages/core/src/tools/edit.ts,10,named import alias,"import { readFile as fsReadFile, stat as fsStat, writeFile as fsWriteFile } from ""node:fs/promises"";"
core,packages/core/src/tools/edit.ts,10,named import alias,"import { readFile as fsReadFile, stat as fsStat, writeFile as fsWriteFile } from ""node:fs/promises"";"
core,packages/core/src/tools/ls.ts,7,named import alias,"import { readdir as fsReaddir, stat as fsStat } from ""node:fs/promises"";"
core,packages/core/src/tools/ls.ts,7,named import alias,"import { readdir as fsReaddir, stat as fsStat } from ""node:fs/promises"";"
core,packages/core/src/tools/read.ts,10,named import alias,"import { readFile as fsReadFile } from ""node:fs/promises"";"
core,packages/core/src/tools/support/path-utils.ts,11,named import alias,"import { isAbsolute, join, resolve as nodeResolvePath } from ""node:path"";"
core,packages/core/src/tools/write.ts,9,named import alias,"import {   mkdir as fsMkdir,   readFile as fsReadFile,   writeFile as fsWriteFile, } from ""node:fs/promises"";"
core,packages/core/src/tools/write.ts,10,named import alias,"import {   mkdir as fsMkdir,   readFile as fsReadFile,   writeFile as fsWriteFile, } from ""node:fs/promises"";"
core,packages/core/src/tools/write.ts,11,named import alias,"import {   mkdir as fsMkdir,   readFile as fsReadFile,   writeFile as fsWriteFile, } from ""node:fs/promises"";"
tui,packages/tui/src/host.ts,17,named import alias,"import {   MAIN,   createNyte,   emptyUsageSummary,   mergeUsageSummaries,   projectUsage,   sessionId as parseSessionId, } from ""@nyte-ai/core"";"
tui,packages/tui/src/interactive.ts,21,named import alias,"import {   collectAbandoned,   MAIN,   projectTree,   sessionId as parseSessionId,   watchPluginDirectories, } from ""@nyte-ai/core"";"
tui,packages/tui/src/uji-host.ts,25,named import alias,"import { createUji, isThinkingLevel, sessionId as parseSessionId } from ""@uji-ai/core"";"
desktop,packages/desktop/src/renderer/src/chrome/accounts-settings.tsx,8,namespace import,"import * as stylex from ""@stylexjs/stylex"";"
desktop,packages/desktop/src/renderer/src/chrome/accounts-settings.tsx,21,named import alias,"import { ConnectionList, ConnectionRow, ConnectionStatus as Status } from ""./connection-list.tsx"";"
desktop,packages/desktop/src/renderer/src/chrome/appearance-panel.stylex.ts,2,namespace import,"import * as stylex from ""@stylexjs/stylex"";"
desktop,packages/desktop/src/renderer/src/chrome/appearance-panel.tsx,3,namespace import,"import * as stylex from ""@stylexjs/stylex"";"
desktop,packages/desktop/src/renderer/src/chrome/appearance-panel.tsx,23,named import alias,"import { appearancePanelStyles as styles } from ""./appearance-panel.stylex.ts"";"
desktop,packages/desktop/src/renderer/src/chrome/appearance-settings.stylex.ts,2,namespace import,"import * as stylex from ""@stylexjs/stylex"";"
desktop,packages/desktop/src/renderer/src/chrome/appearance-settings.tsx,2,namespace import,"import * as stylex from ""@stylexjs/stylex"";"
desktop,packages/desktop/src/renderer/src/chrome/appearance-settings.tsx,11,named import alias,"import { appearanceSettingsStyles as styles } from ""./appearance-settings.stylex.ts"";"
desktop,packages/desktop/src/renderer/src/chrome/connection-list.tsx,6,namespace import,"import * as stylex from ""@stylexjs/stylex"";"
desktop,packages/desktop/src/renderer/src/chrome/customize.stylex.ts,2,namespace import,"import * as stylex from ""@stylexjs/stylex"";"
desktop,packages/desktop/src/renderer/src/chrome/customize.tsx,1,namespace import,"import * as stylex from ""@stylexjs/stylex"";"
desktop,packages/desktop/src/renderer/src/chrome/customize.tsx,12,named import alias,"import { customizeStyles as styles } from ""./customize.stylex.ts"";"
desktop,packages/desktop/src/renderer/src/chrome/models-settings.stylex.ts,2,namespace import,"import * as stylex from ""@stylexjs/stylex"";"
desktop,packages/desktop/src/renderer/src/chrome/models-settings.tsx,8,namespace import,"import * as stylex from ""@stylexjs/stylex"";"
desktop,packages/desktop/src/renderer/src/chrome/models-settings.tsx,27,named import alias,"import { modelsSettingsStyles as styles } from ""./models-settings.stylex.ts"";"
desktop,packages/desktop/src/renderer/src/chrome/open-workspace.tsx,7,namespace import,"import * as stylex from ""@stylexjs/stylex"";"
desktop,packages/desktop/src/renderer/src/chrome/search-palette.stylex.ts,1,namespace import,"import * as stylex from ""@stylexjs/stylex"";"
desktop,packages/desktop/src/renderer/src/chrome/search-palette.tsx,2,namespace import,"import * as stylex from ""@stylexjs/stylex"";"
desktop,packages/desktop/src/renderer/src/chrome/search-palette.tsx,13,named import alias,"import { searchPaletteStyles as styles } from ""./search-palette.stylex.ts"";"
desktop,packages/desktop/src/renderer/src/chrome/settings-controls.tsx,2,namespace import,"import * as stylex from ""@stylexjs/stylex"";"
desktop,packages/desktop/src/renderer/src/chrome/settings-controls.tsx,6,named import alias,"import { settingsPatterns as styles } from ""../theme/settings-patterns.stylex.ts"";"
desktop,packages/desktop/src/renderer/src/chrome/settings-navigation.tsx,1,namespace import,"import * as stylex from ""@stylexjs/stylex"";"
desktop,packages/desktop/src/renderer/src/chrome/settings-navigation.tsx,7,named import alias,"import { appearanceSettingsStyles as styles } from ""./appearance-settings.stylex.ts"";"
desktop,packages/desktop/src/renderer/src/chrome/sidebar-filter.stylex.ts,1,namespace import,"import * as stylex from ""@stylexjs/stylex"";"
desktop,packages/desktop/src/renderer/src/chrome/sidebar-filter.tsx,1,namespace import,"import * as stylex from ""@stylexjs/stylex"";"
desktop,packages/desktop/src/renderer/src/chrome/sidebar-filter.tsx,16,named import alias,"import { sidebarFilterStyles as styles } from ""./sidebar-filter.stylex.ts"";"
desktop,packages/desktop/src/renderer/src/chrome/sidebar-pane.tsx,14,namespace import,"import * as stylex from ""@stylexjs/stylex"";"
desktop,packages/desktop/src/renderer/src/chrome/sidebar-session-preview.tsx,2,namespace import,"import * as stylex from ""@stylexjs/stylex"";"
desktop,packages/desktop/src/renderer/src/chrome/sidebar.stylex.ts,5,namespace import,"import * as stylex from ""@stylexjs/stylex"";"
desktop,packages/desktop/src/renderer/src/chrome/sidebar.tsx,17,namespace import,"import * as stylex from ""@stylexjs/stylex"";"
desktop,packages/desktop/src/renderer/src/chrome/sidebar.tsx,18,named import alias,"import { Button as BaseButton, Collapsible, Toggle } from ""@nyte-ai/ui/primitives"";"
desktop,packages/desktop/src/renderer/src/chrome/sidebar.tsx,57,named import alias,"import { sidebarStyles as styles } from ""./sidebar.stylex.ts"";"
desktop,packages/desktop/src/renderer/src/chrome/titlebar.tsx,5,namespace import,"import * as stylex from ""@stylexjs/stylex"";"
desktop,packages/desktop/src/renderer/src/components/confirm-dialog.tsx,2,namespace import,"import * as stylex from ""@stylexjs/stylex"";"
desktop,packages/desktop/src/renderer/src/components/file-type-icon.tsx,8,namespace import,"import * as stylex from ""@stylexjs/stylex"";"
desktop,packages/desktop/src/renderer/src/components/icons.tsx,7,namespace import,"import * as stylex from ""@stylexjs/stylex"";"
desktop,packages/desktop/src/renderer/src/components/icons.tsx,8,namespace import,"import * as Outlined from ""central-icons"";"
desktop,packages/desktop/src/renderer/src/components/icons.tsx,10,namespace import,"import * as Filled from ""central-icons-filled"";"
desktop,packages/desktop/src/renderer/src/components/menu.tsx,11,named import alias,"import { Menu as Base } from ""@nyte-ai/ui/primitives"";"
desktop,packages/desktop/src/renderer/src/components/menu.tsx,12,named import alias,"import { ContextMenu as ContextBase } from ""@nyte-ai/ui/primitives"";"
desktop,packages/desktop/src/renderer/src/components/menu.tsx,13,namespace import,"import * as stylex from ""@stylexjs/stylex"";"
desktop,packages/desktop/src/renderer/src/components/toaster.tsx,1,named import alias,"import { Toaster as Sonner } from ""@nyte-ai/ui/sonner"";"
desktop,packages/desktop/src/renderer/src/components/toaster.tsx,2,namespace import,"import * as stylex from ""@stylexjs/stylex"";"
desktop,packages/desktop/src/renderer/src/components/ui.tsx,2,named import alias,"import { Button as BaseButton, Toggle, Tooltip } from ""@nyte-ai/ui/primitives"";"
desktop,packages/desktop/src/renderer/src/components/ui.tsx,3,namespace import,"import * as stylex from ""@stylexjs/stylex"";"
desktop,packages/desktop/src/renderer/src/conversation/code-block.tsx,6,namespace import,"import * as stylex from ""@stylexjs/stylex"";"
desktop,packages/desktop/src/renderer/src/conversation/composer.tsx,11,namespace import,"import * as stylex from ""@stylexjs/stylex"";"
desktop,packages/desktop/src/renderer/src/conversation/diff-view.tsx,2,namespace import,"import * as stylex from ""@stylexjs/stylex"";"
desktop,packages/desktop/src/renderer/src/conversation/model-picker.tsx,9,namespace import,"import * as stylex from ""@stylexjs/stylex"";"
desktop,packages/desktop/src/renderer/src/conversation/pierre-patch.tsx,8,namespace import,"import * as stylex from ""@stylexjs/stylex"";"
desktop,packages/desktop/src/renderer/src/conversation/prose.tsx,8,namespace import,"import * as stylex from ""@stylexjs/stylex"";"
desktop,packages/desktop/src/renderer/src/conversation/styles.stylex.ts,8,namespace import,"import * as stylex from ""@stylexjs/stylex"";"
desktop,packages/desktop/src/renderer/src/conversation/tool-call.tsx,12,namespace import,"import * as stylex from ""@stylexjs/stylex"";"
desktop,packages/desktop/src/renderer/src/conversation/tool-detail.ts,2,named import alias,"import { presentTool as presentToolView, projectToolView } from ""@nyte-ai/core/views"";"
desktop,packages/desktop/src/renderer/src/conversation/tool-group.tsx,8,namespace import,"import * as stylex from ""@stylexjs/stylex"";"
desktop,packages/desktop/src/renderer/src/conversation/turn-view.tsx,7,namespace import,"import * as stylex from ""@stylexjs/stylex"";"
desktop,packages/desktop/src/renderer/src/conversation/turn-view.tsx,8,named import alias,"import { Button as BaseButton, Textarea } from ""@nyte-ai/ui"";"
desktop,packages/desktop/src/renderer/src/layout/session-dnd.tsx,18,namespace import,"import * as stylex from ""@stylexjs/stylex"";"
desktop,packages/desktop/src/renderer/src/layout/session-dnd.tsx,25,named import alias,"import { sessionId as sessionIdSchema } from ""../../../shared/schemas.ts"";"
desktop,packages/desktop/src/renderer/src/router.tsx,10,namespace import,"import * as stylex from ""@stylexjs/stylex"";"
desktop,packages/desktop/src/renderer/src/screens/thread.tsx,6,namespace import,"import * as stylex from ""@stylexjs/stylex"";"
desktop,packages/desktop/src/renderer/src/theme/floating-surface.stylex.ts,8,namespace import,"import * as stylex from ""@stylexjs/stylex"";"
desktop,packages/desktop/src/renderer/src/theme/schema.stylex.ts,9,namespace import,"import * as stylex from ""@stylexjs/stylex"";"
desktop,packages/desktop/src/renderer/src/theme/settings-patterns.stylex.ts,2,namespace import,"import * as stylex from ""@stylexjs/stylex"";"
desktop,packages/desktop/src/renderer/src/theme/vars.stylex.ts,8,namespace import,"import * as stylex from ""@stylexjs/stylex"";"
desktop,packages/desktop/src/renderer/src/workbench/browser-panel.tsx,1,namespace import,"import * as stylex from ""@stylexjs/stylex"";"
desktop,packages/desktop/src/renderer/src/workbench/changes-panel.tsx,3,namespace import,"import * as stylex from ""@stylexjs/stylex"";"
desktop,packages/desktop/src/renderer/src/workbench/tab-strip.tsx,2,namespace import,"import * as stylex from ""@stylexjs/stylex"";"
desktop,packages/desktop/src/renderer/src/workbench/terminal-panel.tsx,1,namespace import,"import * as stylex from ""@stylexjs/stylex"";"
desktop,packages/desktop/src/renderer/src/workbench/terminal-panel.tsx,10,named import alias,"import { terminalStyles as styles } from ""./terminal.stylex"";"
desktop,packages/desktop/src/renderer/src/workbench/terminal.stylex.ts,1,namespace import,"import * as stylex from ""@stylexjs/stylex"";"
desktop,packages/desktop/src/renderer/src/workbench/workbench.tsx,7,namespace import,"import * as stylex from ""@stylexjs/stylex"";"
desktop,packages/desktop/src/renderer/src/workbench/workbench.tsx,8,named import alias,"import { Button as BaseButton } from ""@nyte-ai/ui"";"
